State/Territory/Federal Entity,Total Doses Distributed,Doses Distributed per 100K,18+ Doses Distributed per 100K,Total Doses Administered by State where Administered,Doses Administered per 100k by State where Administered,18+ Doses Administered by State where Administered,18+ Doses Administered per 100K by State where Administered,People with at least One Dose by State of Residence,Percent of Total Pop with at least One Dose by State of Residence,People 18+ with at least One Dose by State of Residence,Percent of 18+ Pop with at least One Dose by State of Residence,People Fully Vaccinated by State of Residence,Percent of Total Pop Fully Vaccinated by State of Residence,People 18+ Fully Vaccinated by State of Residence,Percent of 18+ Pop Fully Vaccinated by State of Residence,Total Number of Pfizer doses distributed,Total Number of Moderna doses distributed,Total Number of Janssen doses distributed,Total Number of Novavax doses distributed,Total Number of doses from Other manufacturer distributed,Total Number of Janssen doses administered,Total Number of Moderna doses administered,Total Number of Pfizer doses adminstered,Total Number of Novavax doses administered,Total Number of doses from Other manufacturer administered,People Fully Vaccinated Moderna Resident,People Fully Vaccinated Pfizer Resident,People Fully Vaccinated Janssen Resident,People Fully Vaccinated Novavax Resident,People Fully Vaccinated Other 2-dose manufacturer Resident,People 18+ Fully Vaccinated Moderna Resident,People 18+ Fully Vaccinated Pfizer Resident,People 18+ Fully Vaccinated Janssen Resident,People 18+ Fully Vaccinated Other 2-dose manufacturer Resident,People 65+ with at least One Dose by State of Residence,Percent of 65+ Pop with at least One Dose by State of Residence,People 65+ Fully Vaccinated by State of Residence,Percent of 65+ Pop Fully Vaccinated by State of Residence,People 65+ Fully Vaccinated_Moderna_Resident,People 65+ Fully Vaccinated_Pfizer_Resident,People 65+ Fully Vaccinated_Janssen_Resident,People 65+ Fully Vaccinated_Other 2-dose Manuf_Resident,65+ Doses Administered by State where Administered,Doses Administered per 100k of 65+ pop by State where Administered,Doses Distributed per 100K of 65+ pop,People 12+ with at least One Dose by State of Residence,Percent of 12+ Pop with at least One Dose by State of Residence,People 12+ Fully Vaccinated by State of Residence,Percent of 12+ Pop Fully Vaccinated by State of Residence,People 12+ Fully Vaccinated_Moderna_Resident,People 12+ Fully Vaccinated_Pfizer_Resident,People 12+ Fully Vaccinated_Janssen_Resident,People 12+ Fully Vaccinated_Other 2-dose Manuf_Resident,12+ Doses Administered by State where Administered,Doses Administered per 100k of 12+ pop by State where Administered,Doses Distributed per 100K of 12+ pop,People 5+ with at least One Dose by State of Residence,Percent of 5+ Pop with at least One Dose by State of Residence,People 5+ Fully Vaccinated by State of Residence,Percent of 5+ Pop Fully Vaccinated by State of Residence,People 5+ Fully Vaccinated_Moderna_Resident,People 5+ Fully Vaccinated_Pfizer_Resident,People 5+ Fully Vaccinated_Janssen_Resident,People 5+ Fully Vaccinated_Other 2-dose Manuf_Resident,5+ Doses Administered by State where Administered,Doses Administered per 100k of 5+ pop  by State where Administered,Doses Distributed per 100K of 5+ pop,People with a first booster dose,Percent of fully vaccinated people with a first booster dose,People 5+ with a first booster dose,Percent of fully vaccinated people 5+ with a first booster dose,People 12+ with a first booster dose,Percent of fully vaccinated people 12+ with a first booster dose,People 18+ with a first booster dose,Percent of fully vaccinated people 18+ with a first booster dose,People 65+ with a first booster dose,Percent of fully vaccinated people 65+ with a first booster dose,People with Moderna first booster dose,People with Pfizer first booster dose,People with Janssen first booster dose,People with first booster dose of an Other manufacturer,People with a Second Booster Dose,People 50+ with a Second Booster Dose,Percent of People 50+ with First Booster Dose who Received Second Booster Dose,People 65+ with a Second Booster Dose,Percent of People 65+ with First Booster Dose who Received Second Booster Dose,People with Pfizer Second Booster Dose,People with Moderna Second Booster Dose,People with Janssen Second Booster Dose,People with Second Booster Dose of Other Manufacturer,Children <5 with at least One Dose
United States,799444535,240790,309603,606162842,182574,546209579,211532,261981618,78.9,232341244,90,223457170,67.3,199298593,77.2,469478175,298329060,31136600,500700,0,18845464,228323295,358354212,9766,630105,77647511,128558022,17064965,2472,178784,77403400,104694486,17032311,166598,57384582,95,50357418,91.9,23985600,23936107,2364546,70857,157645803,287717,1459050,250151235,88.2,214538146,75.7,77490204,119811235,17059916,174849,583915963,205952,281971,260952315,83.6,223233225,71.5,77504711,128485859,17061903,178315,604695886,193648,256015,107872738,48.3,107871112,48.3,106804423,49.8,102485754,51.4,35486467,70.5,45690388,60597054,1541372,43167,22299699,21064657,32.7,14135707,39.8,11685804,10577307,19601,16734,862099
Alaska,1732765,236864,314156,1197172,163650,1066236,193312,521311,71.3,457954,83,462264,63.2,407626,73.9,975045,670520,85800,1400,0,45988,462252,687608,14,1310,162627,257189,42151,4,287,161632,203740,41982,269,88301,95,79838,87.2,43765,32294,3720,58,244913,267407,1891910,494877,81.3,441115,72.4,162071,236613,42147,281,1146021,188219,284584,518664,76.2,461409,67.8,162159,256810,42149,287,1193260,175359,254644,216145,46.8,216134,46.8,213587,48.4,203431,49.9,60851,76.2,93409,119554,3114,68,N/A,39808,33.2,24425,40.1,19934,22552,56,14,N/A
Alabama,10551040,215187,276576,6525635,133090,6075461,159257,3127008,63.8,2882393,75.6,2550007,52,2367064,62,5513880,4625060,400000,12100,0,178383,2845278,3501269,38,667,1045198,1336338,167590,6,842,1044546,1154197,167480,835,825311,95,709073,83.4,376458,294992,37138,485,2013056,236876,1241540,3051653,72.9,2500967,59.7,1045080,1287465,167575,841,6394288,152722,252002,3122732,67.8,2549774,55.3,1045116,1336229,167581,842,6520337,141475,228931,960736,37.7,960735,37.7,957249,38.3,936330,39.6,427747,60.3,468161,476138,16256,168,N/A,161345,23,116557,27.2,77669,91925,267,14,N/A
Arkansas,6893480,228427,297434,4435639,146982,4038887,174267,2051724,68,1840630,79.4,1672829,55.4,1510913,65.2,3703260,2910920,258300,21000,0,125129,1897202,2408882,416,4010,676315,880065,114867,392,1172,674659,720886,114282,1083,507780,95,428907,81.9,240339,172166,15863,539,1303422,248801,1315850,1977965,77.3,1622187,63.4,675897,830414,114734,1138,4306374,168399,269566,2045602,72.3,1671494,59.1,675975,879245,114744,1169,4427439,156483,243643,698526,41.8,698504,41.8,694066,42.8,672948,44.5,286844,66.9,335137,352525,10297,565,N/A,139618,29.5,101611,35.4,67873,77742,83,92,N/A
American Samoa,123210,259981,393202,113181,238819,84267,268923,45758,95,32569,95,42156,89,29855,95,97910,24700,600,0,0,578,25175,86198,0,1230,9521,31435,588,0,612,9498,19163,587,607,3236,95,2980,90.9,1216,1722,29,13,9133,278615,3758690,39308,95,36227,95,9520,25508,588,611,100719,272826,333749,45746,95,42156,95,9521,31435,588,612,113169,262512,285804,24143,57.3,24143,57.3,24125,66.6,20824,69.8,2358,79.1,4865,19274,2,2,N/A,1700,20.6,711,30.2,1364,424,0,0,N/A
Arizona,16269220,223518,288539,12860387,176685,11527430,204442,5468780,75.1,4796113,85.1,4578264,62.9,4063587,72.1,9467000,6184420,613800,4000,0,376124,5013436,7429565,361,40901,1665388,2563833,338400,82,10466,1663074,2052415,337804,10213,1329113,95,1150704,87.9,558297,535496,51411,5485,3779304,288798,1243220,5205964,83.9,4394582,70.8,1663871,2382091,338151,10387,12377973,199450,262151,5451690,79.6,4576406,66.8,1663965,2563740,338161,10458,12836919,187430,237544,2051351,44.8,2051319,44.8,2031829,46.2,1941906,47.8,751400,65.3,881564,1141364,25261,3155,N/A,425652,33.3,297017,39.5,249380,201057,608,1352,N/A
Bureau of Prisons,367230,N/A,N/A,329773,N/A,329771,N/A,150085,N/A,150083,N/A,137500,N/A,137499,N/A,188310,162820,16100,0,0,14174,152053,163514,0,32,55408,68599,13493,0,0,55408,68599,13492,0,4073,0,3738,0,1816,1726,196,0,11018,0,0,150083,0,137499,0,55408,68599,13492,0,329771,0,0,150083,0,137499,0,55408,68599,13492,0,329771,0,0,51337,37.3,51337,37.3,51337,37.3,51337,37.3,2632,70.4,31222,19450,643,22,N/A,2900,17.9,733,27.8,1445,1991,3,2,N/A
California,98985785,250519,323297,79319740,200747,70371294,229839,33113787,83.8,28829431,94.2,28963223,73.3,25334261,82.7,59384805,35786180,3756100,58700,0,2321758,29781937,47199182,1176,15687,9927137,16932935,2097348,203,5231,9864196,13375967,2089106,4865,6027692,95,5374159,92.1,2712371,2457167,203058,1537,17340259,297018,1695510,31351442,93.2,27580935,82,9891404,15587513,2096680,5175,75909889,225612,294195,32921121,88.7,28902315,77.8,9896510,16903458,2096919,5225,79032491,212862,266603,16081866,55.5,16081519,55.6,15853275,57.5,15062055,59.5,4193204,78,6723387,9121887,235715,687,N/A,3155411,38.1,1936257,46.2,1682027,1706012,2298,64,N/A
Colorado,13899175,241358,308924,11377987,197578,10206689,226855,4669449,81.1,4105274,91.2,4109595,71.4,3639391,80.9,8297435,5094740,497800,9200,0,343659,4392172,6628726,729,12701,1459467,2331086,315253,252,3412,1453797,1867281,314885,3180,877111,95,797394,94.7,379580,387523,29168,1103,2639770,313359,1649930,4426932,89.7,3926885,79.6,1454420,2153655,315224,3336,10914705,221122,281584,4639970,85.5,4104515,75.6,1454619,2331009,315234,3403,11335936,208898,256134,2259873,55,2259863,55.1,2230259,56.8,2126663,58.4,627158,78.7,969238,1262559,26869,1200,N/A,511026,42.8,323332,51.6,301955,243694,383,471,N/A
Connecticut,9623325,269917,339107,7995506,224260,7155896,252159,3483157,95,3070400,95,2872531,80.6,2534730,89.3,5519745,3748580,350400,4600,0,251327,3034399,4708470,40,1270,970423,1668855,232734,2,499,967735,1334070,232536,387,765653,95,631637,95,250254,358397,22881,105,2074881,329219,1526920,3319695,95,2744966,88.4,967974,1543844,232650,496,7688623,247545,309835,3468453,95,2869938,84.8,968153,1668631,232654,498,7974762,235690,284413,1534207,53.4,1534201,53.5,1522940,55.5,1451705,57.3,471665,74.7,686215,829687,18260,43,N/A,319018,35,213318,45.2,179439,150736,102,5,N/A
District of Columbia,2113905,299526,365993,1656528,234719,1517179,262678,735738,95,655523,95,551343,78.1,498084,86.2,1288025,752680,71900,1300,0,38730,604384,1011234,49,2131,189488,320151,40923,8,692,186316,270236,40875,649,106533,95,87976,95,46438,38359,2999,177,311693,356861,2420230,691529,95,524735,86.1,186429,296720,40899,679,1586657,260213,346682,726301,95,548252,83,186498,320135,40919,692,1642605,248736,320104,241374,43.8,241365,44,236663,45.1,227931,45.8,60133,68.4,99876,139594,1743,158,N/A,42450,37,25710,42.8,25522,24649,52,50,N/A
Dept of Defense,6931410,N/A,N/A,8814331,N/A,8182457,N/A,4512930,N/A,4172078,N/A,3385029,N/A,3143020,N/A,4431770,2274540,210500,14600,0,321027,2888090,5569739,578,34897,1017207,2048720,311828,198,7076,1016565,1808073,311507,6678,468169,0,236588,0,78923,147063,10270,330,826855,0,0,4414170,0,3322446,0,1017154,1986386,311797,6912,8646927,0,0,4512307,0,3384956,0,1017178,2048697,311807,7076,8813654,0,0,825561,24.4,825561,24.4,821390,24.7,790194,25.1,87323,36.9,286514,532117,5386,1501,N/A,50753,20.4,23015,26.4,42693,19108,46,129,N/A
Delaware,2622555,269321,340507,1917073,196872,1740357,225964,827763,85,743584,95,688077,70.7,619647,80.5,1499355,1020700,100900,1600,0,62796,739362,1112467,36,2412,240983,388559,57691,8,825,240632,320589,57630,788,216430,95,186213,95,77262,98496,10066,388,597805,316456,1388290,794897,94.7,663483,79,240781,364196,57680,818,1854763,220856,312281,825282,89.8,687857,74.8,240790,388547,57687,825,1913309,208184,285357,331353,48.2,331351,48.2,328816,49.6,315688,50.9,132642,71.2,140295,185686,5290,82,N/A,77461,34.6,56026,42.2,42703,37464,84,12,N/A
Florida,52286285,243444,303147,39115320,182120,36264402,210255,17331789,80.7,15874443,92,14609388,68,13434362,77.9,30392765,19445620,2428600,19300,0,1492935,14504135,22961794,829,155627,4935352,8254347,1374998,191,44445,4929838,7088954,1373129,42262,4843579,95,4152674,92.3,1990522,1923884,215740,22484,13043553,290028,1162610,16860489,90.2,14254177,76.2,4931601,7904885,1374119,43383,38243303,204553,279665,17303934,85.1,14604682,71.8,4931908,8254142,1374176,44265,39077917,192142,257087,6178152,42.3,6178056,42.3,6151020,43.2,5993287,44.6,2666883,64.2,2604941,3454242,109156,9769,N/A,1285109,29.5,936380,35.1,671341,673653,1993,3720,N/A
Federated States of Micronesia,197800,193315,296445,156524,152975,116728,174942,74935,73.2,53108,79.6,63046,61.6,47180,70.7,76860,108140,12800,0,0,13701,94486,48239,0,98,33244,17094,12659,0,49,33224,1282,12625,49,4009,83.3,3694,76.8,2519,61,1112,2,9331,193911,4110560,62808,79.4,54581,69,33242,8639,12651,49,135030,170617,249931,74551,80.3,63036,67.9,33244,17088,12655,49,156133,168209,213098,26349,41.8,26348,41.8,25686,47.1,24746,52.5,2213,59.9,19244,6591,510,4,N/A,1794,21.8,483,21.8,1119,3005,2,0,N/A
Georgia,23893355,225039,294487,15506342,146046,14138531,174258,7061167,66.5,6346952,78.2,5914692,55.7,5361276,66.1,13686255,9349400,846700,11000,0,344417,6048536,9068765,36,44588,2182214,3393611,325039,15,13629,2180558,2844389,324510,11804,1460756,95,1283582,84.6,699091,545809,35579,3102,3824697,252130,1575090,6822256,75.9,5745024,63.9,2181699,3225128,324893,13289,15069200,167657,265833,7049205,70.8,5913820,59.4,2181786,3393471,324934,13614,15492475,155534,239872,2378989,40.2,2378970,40.2,2365341,41.2,2290795,42.7,799405,62.3,1049674,1300773,26170,2362,N/A,346112,23.2,225308,28.2,182036,188086,348,436,N/A
Guam,343160,203669,299588,371828,220684,318602,278148,155833,92.5,129910,95,141256,83.8,119442,95,223380,95480,24200,100,0,13619,117365,240440,0,404,40452,89264,11365,0,174,40428,67487,11354,173,17811,95,16778,95,6861,9221,650,46,53304,331885,2136600,146073,95,133837,95,40448,81853,11363,173,353778,269410,261324,155691,95,141249,92.5,40448,89263,11364,174,371668,243300,224638,71637,50.7,71637,50.7,71165,53.2,66608,55.8,13430,80,26248,43603,1780,6,N/A,10898,32.1,5629,41.9,6671,4869,5,0,N/A
Hawaii,3799580,268356,340463,3140303,221793,2806705,251496,1263909,89.3,1105802,95,1126549,79.6,989504,88.7,2228460,1444120,124600,2400,0,71283,1151320,1917048,1,651,370443,689904,65988,0,202,369155,554429,65771,149,275348,95,252458,94,111072,129561,11805,20,837784,312084,1415390,1195511,95,1070718,88.4,370001,634580,65958,179,3006623,248254,313727,1257152,94.5,1125054,84.5,370070,688822,65960,202,3131215,235314,285543,642796,57.1,642783,57.1,634148,59.2,604009,61,207429,82.2,271155,365044,6495,102,N/A,164487,43.8,107975,52.1,88338,84328,120,12,N/A
Iowa,7363455,233385,303244,5378641,170476,4902526,201897,2175744,69,1947264,80.2,1981351,62.8,1783070,73.4,4180235,2884320,291800,7100,0,180164,2140511,3057185,71,710,725128,1091189,164500,7,514,723788,894392,164396,487,554115,95,521575,94.3,274169,232589,14665,149,1677378,303349,1331660,2084738,77.9,1907225,71.3,724031,1018189,164494,504,5201177,194343,275138,2167473,73.2,1980280,66.9,724087,1091175,164498,513,5367324,181363,248813,1085025,54.8,1085021,54.8,1076128,56.4,1040570,58.4,418112,80.2,483692,586919,14311,98,N/A,255525,36.1,186555,44.6,137119,125747,94,9,N/A
Idaho,3848490,215353,287444,2573738,144020,2355449,175929,1112411,62.2,1002050,74.8,982791,55,886999,66.3,2171310,1507080,158900,11200,0,89294,974621,1505491,43,4289,336451,562895,82472,12,955,335969,467683,82397,941,280400,95,256282,88.2,118195,125372,12352,362,778827,267942,1324010,1073043,71.8,950817,63.6,336129,531266,82461,949,2500615,167220,257354,1109524,66.4,982457,58.8,336138,562891,82461,955,2569873,153805,230329,448504,45.6,448503,45.7,445091,46.8,429886,48.5,179162,69.9,188006,253887,6452,156,N/A,92282,31.3,67321,37.6,52258,43692,87,34,N/A
Indian Health Svc,3245995,155847,N/A,2340381,112366,2048604,N/A,1120780,53.8,969745,N/A,888274,42.6,771041,N/A,1708015,1422980,110200,4700,100,41729,1084982,1213489,6,175,399750,449390,39121,1,6,399263,332722,39049,6,181798,0,143668,0,81440,58726,3501,1,427688,0,0,1065643,0,848482,0,399540,409841,39094,6,2240924,0,0,1117613,0,887997,0,399566,449329,39095,6,2336373,0,0,301315,33.9,301292,33.9,297401,35.1,278856,36.2,75261,52.4,140131,158616,2449,119,N/A,44172,26.5,24197,32.2,23368,23197,18,22,N/A
Illinois,30267275,238855,307159,23726379,187237,21112469,214254,9767764,77.1,8516523,86.4,8802524,69.5,7713126,78.3,18470935,10614040,1173500,8800,0,683593,8414857,14595889,760,31280,2846523,5319324,626328,180,9938,2834222,4245534,623608,9599,1978292,95,1830325,89.6,815771,926607,84028,3882,5831381,285400,1481340,9224679,85.1,8359718,77.1,2842076,4881329,626266,9868,22670527,209180,279275,9712043,81.4,8789086,73.7,2842678,5310027,626275,9926,23650213,198327,253816,4792990,54.5,4792914,54.5,4733598,56.6,4517310,58.6,1466008,80.1,1899881,2834958,55974,2149,N/A,976413,35.6,641713,43.8,579345,460200,1045,1091,N/A
Indiana,14950580,222075,289502,10236442,152052,9343548,180928,4241063,63,3806571,73.7,3818500,56.7,3457231,66.9,9045780,5281100,621500,2200,0,315756,3695759,6190272,132,34523,1283312,2236230,289638,22,9092,1281691,1877349,289304,8866,1028054,94.7,959306,88.4,469328,454341,31545,4089,3019086,278066,1376990,4073264,71.4,3692230,64.7,1282106,2111470,289603,9029,9916723,173824,262059,4230698,67,3817095,60.5,1282217,2236147,289620,9089,10222887,161911,236789,1850289,48.5,1850272,48.5,1835212,49.7,1770700,51.2,694953,72.4,712839,1112420,22917,2104,N/A,321118,26.8,229617,33,198190,141032,411,822,N/A
Kansas,6749615,231682,304990,4777549,163990,4286654,193698,2152560,73.9,1905436,86.1,1839140,63.1,1638553,74,3860475,2616240,257900,15000,0,137513,1822735,2811690,60,5551,648895,1061619,127380,9,1189,647666,862629,127234,1017,499404,95,448844,94.4,210027,219763,18663,389,1343869,282630,1419520,2054247,83.8,1766611,72.1,648010,990102,127364,1127,4594783,187412,275304,2143319,78.6,1838236,67.4,648072,1061599,127377,1179,4763740,174625,247421,848643,46.1,848641,46.2,840115,47.6,806393,49.2,313154,69.8,358514,478279,11480,367,N/A,171845,32.3,124205,39.7,97288,81077,189,98,N/A
Kentucky,9839675,220242,283990,6815222,152545,6258507,180631,3004526,67.3,2723233,78.6,2602897,58.3,2370113,68.4,5374075,4071600,388700,5300,0,240067,2793069,3779526,76,2484,992287,1394375,214272,30,1905,991000,1163208,214099,1785,735636,95,656705,87.5,300346,316489,38998,864,1962800,261510,1310970,2900561,76.2,2523677,66.3,991291,1316235,214236,1887,6621848,173977,258519,2996663,71.4,2601956,62,991433,1394340,214249,1904,6803902,162188,234554,1200918,46.1,1200917,46.2,1193301,47.3,1157088,48.8,459632,70,533941,642384,24337,242,N/A,225482,28.2,157963,34.4,128806,106139,270,26,N/A
Louisiana,8967550,192901,251815,6506052,139951,6023472,169143,2877675,61.9,2620412,73.6,2521346,54.2,2320104,65.2,4947170,3688080,327400,4900,0,201104,2654281,3647165,131,3371,971236,1366098,182630,23,1300,970177,1166272,182391,1246,681268,91.9,641651,86.6,305450,313479,22501,219,1885268,254415,1210160,2795416,71.3,2464691,62.8,970770,1310033,182593,1272,6363801,162205,228571,2873287,66.1,2520697,58,970808,1365961,182608,1297,6499795,149513,206277,1046595,41.5,1046517,41.5,1043538,42.3,1020366,44,432233,67.4,463863,568710,13896,115,N/A,177703,24.2,126126,29.2,102496,85243,156,11,N/A
Massachusetts,18560570,269286,335046,15679355,227484,13985789,252465,6955426,95,6114705,95,5552892,80.6,4889159,88.3,10845390,7086280,625700,3200,0,407040,6161579,9110211,48,477,1959013,3209369,384188,7,281,1945569,2560474,382856,254,1460202,95,1163469,95,530470,558273,74646,79,3752104,320876,1587280,6578810,95,5270702,87.6,1951072,2935187,384159,277,14968695,248784,308482,6909518,95,5539623,84.8,1952137,3203016,384183,280,15610852,238876,284012,2963123,53.4,2963089,53.5,2922901,55.5,2779146,56.8,837739,72,1345866,1589563,27648,41,N/A,571596,35.2,369321,44.1,303335,299542,244,9,N/A
Maryland,17699970,292771,375716,12854249,212619,11369607,241342,5352102,88.5,4646763,95,4658771,77.1,4061132,86.2,10971110,6097760,613300,17800,0,367908,4675175,7790964,110,20092,1547937,2776178,329203,8,5253,1539499,2188306,328783,4537,1025188,95,929016,95,442066,430143,55460,1347,3018958,314673,1844910,5049489,95,4417204,85.6,1540286,2542877,329013,5020,12263777,237537,342831,5319765,93.6,4651012,81.8,1540551,2776047,329160,5246,12805028,225292,311414,2519952,54.1,2519916,54.2,2484445,56.2,2353648,58,723249,77.9,1020610,1461692,36375,1270,N/A,592172,41.7,371059,51.3,329326,304007,735,720,N/A
Maine,3819050,284111,348654,3031289,225507,2767357,252641,1248347,92.9,1125382,95,1089201,81,982572,89.7,2150230,1508820,156600,3400,0,144512,1248804,1633785,26,4162,394358,561303,132504,2,1021,393654,455598,132421,897,342103,95,295143,95,136865,133150,24769,358,974242,341522,1338770,1194785,95,1045589,88.2,393724,518384,132482,997,2926444,246971,322300,1242842,95,1088558,85,393753,561298,132485,1020,3023371,236076,298206,632348,58.1,632347,58.1,627073,60,602340,61.3,233583,79.1,284990,335659,10999,699,N/A,169121,41.3,118747,50.8,88306,85104,98,179,N/A
Marshall Islands,116680,150088,245492,81936,105396,62718,131957,39208,50.4,27697,58.3,31657,40.7,24564,51.7,38780,64000,12800,1100,0,3072,59028,19831,0,5,21317,7364,2971,0,5,21268,335,2957,4,1553,41.6,1402,37.6,1266,13,123,0,3948,105788,3126470,32967,57.5,28232,49.2,21307,3953,2967,5,72216,125880,203385,38722,56,31644,45.7,21312,7358,2969,5,81433,117681,168618,12148,38.4,12146,38.4,12140,43,11768,47.9,876,62.5,11278,793,77,0,N/A,740,21.5,216,24.7,47,1201,0,0,N/A
Michigan,23615510,236466,301106,16604053,166259,15201541,193825,6778549,67.9,6114683,78,6086896,60.9,5501747,70.1,13208790,9438420,955000,13300,0,470231,6554890,9576453,63,2416,2208106,3452900,424555,3,1291,2205145,2871268,424200,1131,1720789,95,1578075,89.4,791190,714810,71442,632,4931433,279338,1337690,6513340,75.8,5862669,68.2,2205939,3230943,424522,1262,16085567,187150,274759,6764259,71.8,6084771,64.6,2206076,3452862,424541,1289,16584341,176047,250684,3405485,55.9,3405478,56,3382678,57.7,3265865,59.4,1226805,77.7,1496703,1859873,48712,195,N/A,706828,32.6,493459,40.2,385752,349366,455,29,N/A
Minnesota,14167760,251218,326711,10977005,194640,9779796,225524,4311584,76.5,3751083,86.5,3955533,70.1,3462916,79.9,8587840,5069820,507100,3000,0,359363,3983408,6628234,275,5725,1321571,2301503,330242,93,2071,1315618,1815601,329653,1957,954598,95,899058,95,379338,468458,50754,499,2978141,323577,1539340,4047382,84.7,3742685,78.3,1318027,2092322,330222,2021,10465323,219027,296515,4278538,80.9,3947334,74.6,1318537,2296416,330227,2061,10927897,206654,267922,2370258,59.9,2370220,60,2343018,62.6,2236240,64.6,756566,84.2,928714,1411727,29275,513,N/A,596596,43.3,400993,53,361249,259703,293,137,N/A
Missouri,12788605,208371,268282,9396090,153095,8597489,180360,4136443,67.4,3729129,78.2,3505950,57.1,3180059,66.7,7437045,4910660,434700,6200,0,252566,3403656,5737343,17,2508,1189713,2075355,239797,13,998,1187610,1752249,239513,679,1033303,95,915546,86.2,416892,458133,40329,190,2800868,263726,1204160,3977345,76,3391277,64.8,1188148,1962420,239764,935,9106707,173934,244257,4121651,71.4,3504211,60.7,1188196,2075227,239781,994,9375395,162504,221665,1561692,44.5,1561691,44.6,1549011,45.7,1498347,47.1,620845,67.8,630454,913013,18087,135,N/A,321779,31.1,232455,37.4,187383,147041,163,13,N/A
Northern Mariana Islands,133630,257719,370423,111890,215791,90460,250755,45926,88.6,35817,95,43536,84,34243,94.9,102410,27420,3600,200,0,1391,15427,95063,0,9,5248,37109,1176,0,3,5237,27827,1176,3,3260,86.8,3131,83.4,504,2507,120,0,9172,244326,3559670,41243,95,39416,93.2,5238,32999,1176,3,102853,243209,315985,45803,95,43526,90.5,5238,37109,1176,3,111724,232265,277805,22230,51.1,22230,51.1,22035,55.9,20228,59.1,2440,77.9,4288,17725,217,0,N/A,1184,12.1,478,19.6,1142,217,1,0,N/A
Mississippi,6109115,205269,268230,4041488,135796,3732632,163887,1806164,60.7,1643783,72.2,1571924,52.8,1439728,63.2,3399955,2475460,231300,2400,0,94619,1626683,2316281,18,3887,594436,888113,87594,6,1752,593902,756711,87479,1630,451109,92.7,414196,85.1,209917,185743,17865,670,1210031,248623,1255230,1758251,69.7,1535241,60.9,594295,851645,87570,1725,3953889,156812,242288,1804338,64.6,1571792,56.3,594343,888110,87581,1752,4039223,144637,218755,622455,39.6,622450,39.6,619715,40.4,605334,42,269053,65,283741,329273,8474,962,N/A,109166,24.1,77284,28.7,55466,60085,123,252,N/A
Montana,2195295,205402,261286,1664501,155739,1532423,182390,708705,66.3,641557,76.4,616370,57.7,561731,66.9,1180695,904000,106200,4400,0,62106,701712,898203,19,2461,240979,318979,55825,4,579,240744,264683,55735,565,199460,95,179996,87.2,86729,82825,10183,259,555409,269045,1063420,682192,74.3,596688,65,240873,299417,55816,578,1616543,176171,239244,706874,70.2,616248,61.2,240884,318961,55820,579,1662263,164969,217869,305305,49.5,305304,49.5,303868,50.9,295624,52.6,129320,71.8,142757,156851,5274,423,N/A,64876,31.4,48649,37.6,35843,31808,113,73,N/A
North Carolina,24395820,232605,297969,17552622,167358,15916412,194402,9112432,86.9,8227750,95,6632808,63.2,5989352,73.2,14173940,9256180,942500,23200,0,520614,6558729,10471970,210,1099,2311557,3831157,489620,39,357,2303859,3197047,488080,327,2304494,95,1686127,95,803628,826628,55794,74,4855721,277296,1393180,8770250,95,6396961,71.2,2307060,3599929,489591,342,16938204,188506,271502,9081255,91.9,6625475,67.1,2307617,3827863,489603,353,17507035,177227,246963,1887123,28.5,1887080,28.5,1867112,29.2,1797008,30,679711,40.3,801696,1055672,29651,97,N/A,275201,22.9,184560,27.2,144786,143709,169,10,N/A
North Dakota,1528600,200587,262695,1151867,151151,1050123,180467,508998,66.8,459872,79,430633,56.5,391123,67.2,893180,581120,53500,800,0,39876,425326,686282,7,376,147618,246162,36791,2,56,147376,207062,36629,54,123172,95,105041,87.6,49330,51311,4392,7,321998,268679,1275480,488373,76.6,415347,65.2,147591,230915,36783,56,1110516,174268,239876,507096,71.6,430315,60.8,147598,245875,36784,56,1149114,162313,215916,193769,45,193767,45,192521,46.4,186725,47.7,74492,70.9,81006,110213,2530,18,N/A,25789,20.8,18524,24.9,15130,11959,5,9,N/A
Nebraska,4420640,228527,303129,3372610,174348,3023248,207308,1383135,71.5,1216639,83.4,1248727,64.6,1104135,75.7,2712760,1554080,151600,2200,0,95585,1206147,2062844,121,7913,421282,736046,89343,36,1945,419715,593373,89238,1778,312294,95,291613,93.3,141223,142376,7044,965,940102,300873,1414800,1314863,81.3,1192914,73.8,419934,681725,89315,1904,3238716,200241,273316,1377638,76.4,1247253,69.2,419996,735955,89326,1940,3364719,186563,245111,661952,53,661937,53.1,653500,54.8,624625,56.6,228766,78.4,253091,401016,7078,746,N/A,134830,34,93935,41.1,86858,54458,104,250,N/A
New Hampshire,3945000,290135,357189,2703509,198830,2461286,222850,1227994,90.3,1108549,95,980754,72.1,890263,80.6,2380860,1378040,184500,1600,0,89200,997674,1616398,36,201,350276,550536,79775,2,132,349547,460867,79730,117,317495,95,255362,95,104351,135200,15762,49,773515,304697,1553980,1180413,95,947872,79.1,349707,518272,79763,128,2619706,218569,329143,1224049,94.4,980101,75.6,349749,550453,79765,132,2698429,208198,304377,472575,48.2,472574,48.2,469673,49.6,450706,50.6,160267,62.8,196117,268483,7927,48,N/A,87818,29,58947,36.8,50214,40375,74,33,N/A
New Jersey,24153215,271929,347848,18006683,202728,16120639,232165,8181628,92.1,7239832,95,6832125,76.9,6040817,87,14431375,8713740,990600,17500,0,581220,6798631,10626083,235,514,2352781,3958297,520439,46,446,2347184,3173151,520031,423,1643735,95,1396482,94.6,649871,652774,93735,93,4217928,285858,1636910,7811018,95,6537258,85.8,2348003,3668439,520336,441,17322264,227375,317039,8154868,95,6827070,81.6,2348176,3958025,520377,446,17970659,214767,288655,3392534,49.7,3392477,49.7,3365902,51.5,3210000,53.1,976071,69.9,1413904,1910267,68247,91,N/A,554248,28.8,361566,37,304759,281337,801,40,N/A
New Mexico,4904845,233917,302583,4166200,198690,3728220,229996,1888322,90.1,1653932,95,1520957,72.5,1338335,82.6,2793145,1920000,188700,3000,0,120249,1688065,2346719,44,11123,573524,833238,111192,8,2597,572200,652583,111026,2518,440791,95,365268,95,171487,171143,21447,1189,1138806,301586,1298930,1794053,95,1453952,81.3,572655,767550,111174,2565,4003979,224007,274408,1881600,95,1519800,76.9,572740,833275,111183,2594,4157688,210426,248241,793344,52.2,793336,52.2,783187,53.9,744802,55.7,257918,70.6,328629,453283,11030,397,N/A,185478,39.9,123577,47.9,105041,90209,250,146,N/A
Nevada,6495910,210895,272078,5111669,165955,4668303,195530,2364233,76.8,2132316,89.3,1904329,61.8,1726180,72.3,4010310,2224500,259300,1800,0,188411,1753392,3169230,16,620,612751,1117818,173611,1,141,612124,940361,173561,133,515135,95,427489,86.2,195392,205795,26253,49,1306561,263434,1309730,2289094,87.3,1848008,70.5,612235,1062026,173606,140,4973506,189698,247765,2360839,81.6,1903809,65.8,612253,1117807,173607,141,5106719,176423,224416,775469,40.7,775468,40.7,770981,41.7,746605,43.3,275970,64.6,310622,452225,12590,32,N/A,149916,30.6,103906,37.7,85792,70120,48,5,N/A
New York State,50018095,257115,324261,40852886,210002,36971149,239679,17844238,91.7,15939537,95,15226402,78.3,13605827,88.2,30332115,17752980,1924400,8600,0,1447622,14791468,24585247,347,28202,5084118,8869234,1264382,66,8319,5070350,7265548,1263090,6784,3527731,95,3099451,94,1456607,1452444,188089,2298,9477406,287530,1517470,17081302,95,14608088,87.1,5073038,8263210,1264156,7625,39406708,234938,298202,17787143,95,15215296,83,5073993,8868766,1264269,8204,40772980,222480,272927,7163366,47,7163234,47.1,7111885,48.7,6826514,50.2,2125520,68.6,2992404,4050924,119024,955,N/A,1152090,28.3,783219,36.8,628776,586476,1740,171,N/A
Ohio,25590155,218923,280868,18729620,160231,17154126,188278,7509890,64.2,6761351,74.2,6914712,59.2,6261463,68.7,14961015,9617540,999900,11700,0,631993,7116733,10959105,451,21338,2417166,3934790,556775,123,5610,2412081,3287341,556489,5435,1907599,93.2,1806556,88.3,815901,896360,91727,2542,5673083,277233,1250550,7205995,72.1,6670196,66.7,2412788,3694948,556758,5579,18139920,181386,255884,7480140,68,6910242,62.8,2412970,3934774,556766,5609,18685511,169895,232674,3755206,54.3,3755184,54.3,3726842,55.9,3600495,57.5,1405079,77.8,1562382,2131207,60502,1106,N/A,787892,32.4,552702,39.3,449928,373212,915,421,N/A
Oklahoma,8023360,202765,267024,6165367,155810,5654406,188183,2867883,72.5,2602251,86.6,2312209,58.4,2099710,69.9,4292480,3387080,332600,11200,0,155974,2485427,3518991,42,4933,872289,1292837,145993,8,1061,871376,1081512,145894,920,693167,95,570880,89.9,289663,260106,20859,250,1727890,272052,1263260,2781845,83.7,2247767,67.6,871708,1229060,145975,1016,6008421,180692,241288,2862870,77.3,2311617,62.5,871749,1292823,145979,1058,6158763,166388,216763,908154,39.3,908149,39.3,902767,40.2,877027,41.8,362364,63.5,407994,487027,12403,727,N/A,157413,25.9,115065,31.8,82331,82218,135,552,N/A
Oregon,11201085,265571,334244,8228361,195089,7446885,222217,3336408,79.1,2968879,88.6,2976301,70.6,2665758,79.5,6478225,4249160,464600,9100,0,277866,3073086,4858361,220,18828,1013558,1707421,248963,36,6319,1010473,1401247,248083,5922,766441,95,707649,92.4,319494,333769,52732,1642,2270831,296422,1462130,3180595,87.2,2856674,78.3,1013497,1587882,248960,6299,7925336,217265,307067,3323386,83.3,2973206,74.5,1013502,1704388,248962,6318,8208717,205736,280734,1663496,55.9,1663481,55.9,1643034,57.5,1570104,58.9,553435,78.2,692178,945765,24468,1039,N/A,411002,43.4,281706,50.9,232992,198429,321,106,N/A
Pennsylvania,33961385,265282,334023,24327061,190026,22092684,217290,11161887,87.2,10043372,95,8993088,70.2,8110075,79.8,19283665,13102320,1551000,24400,0,792904,9421966,14110494,178,1519,3221730,5034621,735490,5,788,3210329,4164174,734842,726,2790481,95,2335034,95,1098118,1144252,92353,309,7151264,298796,1418980,10698233,95,8644365,78,3212714,4695484,735383,779,23448502,211600,306468,11113399,91.8,8982675,74.2,3213232,5033222,735433,783,24257139,200405,280578,3990625,44.4,3990602,44.4,3952437,45.7,3805442,46.9,1521982,65.2,1721320,2206297,62894,106,N/A,783201,29.9,556919,36.6,418248,403138,394,19,N/A
Puerto Rico,7899950,247361,301414,7448465,233224,6548552,249853,3062778,95,2654855,95,2681660,84,2324704,88.7,4896130,2787820,215600,400,0,153313,2827036,4467758,18,340,965116,1576206,140083,8,152,964671,1220027,139916,82,703720,95,613113,90.2,303718,285701,23674,19,1868790,274961,1162350,2884113,95,2530724,88.9,965019,1425527,140047,123,7112084,249696,277357,3060128,95,2681507,87.2,965052,1576234,140061,152,7445271,242027,256808,1617245,60.3,1617238,60.3,1612705,63.7,1484547,63.9,438881,71.6,639453,966024,11739,28,N/A,208887,24.7,128694,29.3,117677,97888,217,1,N/A
Republic of Palau,46890,217769,282759,49305,228985,42949,258994,20545,95,17569,95,18313,85.1,15779,95,13090,30000,3800,0,0,2356,37737,9047,0,165,12715,3157,2360,0,81,12715,623,2360,81,1874,94.1,1809,90.8,1541,39,227,2,5333,267721,2353920,19101,95,17226,92.4,12715,2070,2360,81,46607,249971,251488,20528,95,18312,89.9,12715,3156,2360,81,49287,241923,230158,12016,65.6,12016,65.6,11846,68.8,11156,70.7,1572,86.9,10851,1163,2,0,N/A,1107,23,377,24,20,1130,0,0,N/A
Rhode Island,2835325,267645,331669,2338030,220702,2116664,247602,1073697,95,951226,95,894886,84.5,791814,92.6,1647025,1094800,90300,3200,0,66323,893573,1375804,185,2145,298294,534899,61071,42,566,297749,432456,61041,527,225312,95,193771,95,86548,100228,6828,160,611147,326736,1515840,1020986,95,852492,91.9,297896,492930,61070,554,2255920,243228,305698,1070216,95,894390,89,297920,534793,61070,565,2333558,232232,282167,499243,55.8,499243,55.8,495634,58.1,474294,59.9,152839,78.9,208392,285450,5281,116,N/A,96469,33.2,64524,42.2,55055,47926,147,45,N/A
South Carolina,11670175,226662,289042,7886651,153177,7271931,180108,3556025,69.1,3233614,80.1,2993190,58.1,2733038,67.7,6279335,4894840,460800,35200,0,232718,3072875,4578674,35,2349,1067045,1715232,210311,3,580,1064046,1458800,209632,557,971148,95,834897,89.1,357400,445799,31463,234,2506651,267512,1245450,3440319,77.8,2907083,65.8,1066285,1629964,210260,571,7679855,173753,264033,3546363,73,2990653,61.6,1066465,1713349,210263,573,7873046,162122,240312,1268962,42.4,1268936,42.4,1261777,43.4,1226572,44.9,549487,65.8,539704,705791,22923,541,N/A,234851,26.3,172943,31.5,132631,111777,223,24,N/A
South Dakota,2099265,237297,314469,1498402,169376,1351678,202481,696577,78.7,619974,92.9,560649,63.4,501951,75.2,1170765,834200,92800,1500,0,42209,582199,873846,0,148,203703,317047,39824,1,70,203528,258570,39788,64,181738,95,150655,95,74059,71493,5078,25,450553,296668,1382270,666069,90.2,537817,72.9,203606,294323,39818,69,1442261,195402,284414,694665,84.4,560551,68.1,203619,317041,39820,70,1496023,181668,254922,245764,43.8,245761,43.8,243711,45.3,235116,46.8,98374,65.3,108211,134464,3063,26,N/A,51206,31.4,37771,38.4,29256,23664,26,2,N/A
Tennessee,14176730,207591,266524,10403834,152344,9667628,181752,4313470,63.2,3946335,74.2,3773334,55.3,3470199,65.2,8207290,5439140,523400,6900,0,268356,3987026,6075484,710,72258,1338049,2182390,238675,156,13811,1336628,1881648,238341,13513,1065285,93.2,977703,85.5,485591,449139,36156,6800,3129911,273739,1239880,4186235,71.7,3674575,63,1337298,2084861,238614,13721,10162362,174145,242937,4304487,67,3772267,58.8,1337375,2182305,238633,13798,10391623,161849,220802,1740767,46.1,1740741,46.1,1729961,47.1,1685655,48.6,686427,70.2,725300,987180,23044,5141,N/A,349700,30,246302,35.9,199394,171264,686,2935,N/A
Texas,67623865,233219,313130,47932803,165309,42000453,194482,21505046,74.2,18436329,85.4,17839220,61.5,15666538,72.5,40603585,24324080,2651900,44300,0,1538652,17411845,28973416,15,8875,6120289,10371317,1345103,14,2249,6105967,8215179,1343272,2107,3668141,95,3251690,87.1,1540930,1534598,175632,530,9969751,266983,1810920,20316156,84.3,17142524,71.1,6110992,9684532,1344788,2199,45772077,189917,280584,21434500,79.4,17829431,66,6111517,10370796,1344858,2246,47834579,177132,250412,6640560,37.2,6640512,37.2,6563978,38.3,6384562,40.8,2057352,63.3,3074315,3470577,94522,1140,N/A,1107940,28.2,711096,34.6,601011,594574,358,1443,N/A
Utah,6884950,214755,302665,5442647,169767,4711396,207115,2349277,73.3,1987078,87.4,2087837,65.1,1784395,78.4,4302790,2327160,252200,2800,0,186194,1880822,3375195,14,422,674428,1241487,171605,2,86,673360,939575,171386,74,380769,95,347058,94.9,149098,180939,17011,10,1080788,295401,1881790,2206453,85.1,1979486,76.4,673811,1134035,171558,80,5179849,199820,265597,2340173,79.1,2087162,70.6,673880,1241623,171571,86,5431616,183615,232745,974604,46.7,974592,46.7,965569,48.8,916243,51.3,264406,76.2,364608,597131,12850,14,N/A,132308,26.9,86903,32.9,89996,55251,327,2,N/A
Virginia,21644885,253586,324284,17297780,202656,15366601,230223,7476776,87.6,6539133,95,6347305,74.4,5560132,83.3,13089985,7756900,794600,3400,0,505595,6152628,10627255,200,12102,2056158,3825934,459948,54,4623,2043950,3054816,457444,3871,1494603,95,1297142,95,601846,620515,73634,1142,4144478,304986,1592820,7072273,95,6030592,82.5,2049887,3517339,459009,4303,16514069,226004,296222,7433715,92.6,6334893,78.9,2050865,3819518,459844,4612,17232169,214596,269549,3223729,50.8,3223544,50.9,3180399,52.7,3022200,54.4,974927,75.2,1283235,1893732,45620,1130,N/A,643693,35,417205,42.8,371617,317508,760,304,N/A
Veterans Health,8569020,N/A,N/A,7723786,N/A,7720191,N/A,3518162,N/A,3516116,N/A,2978547,N/A,2977061,N/A,3746040,4191380,626800,4800,0,256221,3992202,3475317,7,39,1462077,1282528,233939,0,2,1462014,1281148,233897,2,1717016,0,1522223,0,831884,613637,76701,1,4144505,0,0,3518039,0,2978470,0,1462053,1282483,233932,2,7723586,0,0,3518055,0,2978476,0,1462054,1282487,233933,2,7723608,0,0,1200914,40.3,1200909,40.3,1200908,40.3,1200821,40.3,782652,51.4,636244,543421,21248,1,N/A,243134,22.3,192081,24.5,116895,128849,51,0,N/A
Virgin Islands,158160,148800,194045,149245,140413,139420,171053,71165,67,65936,80.9,57598,54.2,53401,65.5,112420,42540,3000,200,0,2334,44874,102037,0,0,16063,39403,2121,0,10,16029,35248,2114,10,19576,95,15560,76,6225,8760,571,4,43092,210431,772341,69633,77.9,56466,63.1,16053,38285,2118,10,146589,163924,176863,71091,71.4,57572,57.8,16055,39389,2118,10,149147,149710,158757,18261,31.7,18260,31.7,18245,32.3,17822,33.4,7590,48.8,6139,11973,146,3,N/A,1872,13.9,1178,15.5,1196,757,1,0,N/A
Vermont,2000490,320597,392265,1495505,239668,1335954,261960,596834,95,524069,95,515122,82.6,453511,88.9,1144370,781520,73300,1300,0,53935,586860,853815,3,892,182407,284701,47695,0,296,181515,224103,47616,277,145900,95,129542,95,62901,63813,2671,157,444634,355596,1599890,561824,95,487260,88.4,181570,257713,47681,296,1425774,258785,363098,592031,95,514285,86.4,181607,284690,47692,296,1488356,250167,336247,324152,62.9,324149,63,319682,65.6,301919,66.6,107537,83,136718,182840,4572,21,N/A,73567,37.9,51112,47.5,41531,35336,53,1,N/A
Washington,19849395,260665,333501,15304479,200981,13711514,230375,6284873,82.5,5539580,93.1,5597415,73.5,4956101,83.3,11789795,7274900,770000,14700,0,490769,5735498,9063524,702,13986,1921215,3214143,456652,177,5082,1910096,2584761,456241,4829,1263621,95,1157006,95,523516,572079,59335,2058,3763382,311095,1640820,5957380,91.6,5336389,82.1,1910937,2963682,456595,4998,14654838,225427,305332,6243247,87.2,5587169,78.1,1911252,3214041,456622,5077,15243546,212946,277287,3100610,55.4,3100546,55.5,3048719,57.1,2905889,58.6,913458,79,1303425,1756898,38929,1325,N/A,717834,42.7,467817,51.2,400877,361259,658,344,N/A
Wisconsin,12873845,221108,282579,10854267,186421,9872725,216705,4249852,73,3788266,83.2,3870986,66.5,3468714,76.1,7560645,4849500,453600,10100,0,337079,4146543,6367394,28,3223,1354214,2213372,302201,7,1168,1351281,1814393,301963,1070,1054962,95,987261,95,471450,484604,30828,378,3294269,323843,1265560,4058051,81.2,3713748,74.3,1351666,2058767,302169,1139,10478329,209575,257488,4230781,77,3868412,70.4,1351769,2213296,302185,1155,10827351,197150,234414,2250809,58.1,2250801,58.2,2231198,60.1,2148729,61.9,810662,82.1,919545,1303411,27642,209,N/A,547195,38.6,386726,47.7,313883,251544,217,48,N/A
West Virginia,4513245,251835,315043,2847285,158876,2660922,185743,1183723,66.1,1090162,76.1,1048809,58.5,970505,67.7,2508625,1831920,168700,4000,0,68079,1228425,1548656,17,2108,429913,556605,61716,2,563,429162,479192,61634,515,345840,94.2,315167,85.9,161995,143283,9673,216,957550,260905,1229730,1152625,74,1025515,65.8,429548,533719,61697,549,2791362,179182,289712,1181607,69.5,1048293,61.7,429577,556454,61699,561,2844374,167403,265622,499052,47.6,499021,47.6,497228,48.5,485246,50,216068,68.6,231846,261905,5190,111,N/A,101060,28.6,73112,33.8,55286,50431,64,32,N/A
Wyoming,1076985,186085,242006,773812,133702,717386,161201,341652,59,313046,70.3,299391,51.7,275162,61.8,554945,471940,48900,1200,0,28978,342240,401844,4,746,121636,150627,26933,2,192,121500,126567,26908,185,93825,94.6,84532,85.2,43462,37030,3974,65,246223,248261,1085900,331832,67.6,291606,59.4,121526,142958,26929,191,755676,153993,219470,341038,62.7,299279,55,121531,150624,26930,192,772954,142132,198038,134711,45,134696,45,134118,46,130572,47.5,58696,69.4,62592,70158,1888,73,N/A,26167,28.1,19720,33.6,13624,13544,19,14,N/A